keyword,frequency
history of,30
study of,27
system of,26
United States,26
system .,25
History of,22
history .,20
the study,19
process of,18
the study of,18
methods of,17
the history,16
the history of,15
method of,15
theory of,14
systems .,14
analysis of,13
principle of,13
structure of,13
a system,13
to study,13
The study,12
evolution of,12
References External,12
principles of,12
literature and,12
the law,12
system that,11
history of the,11
in the history of,11
the principle,11
functions .,11
in the history,11
the process of,11
law .,11
history and,10
techniques .,10
a process,10
s history,10
structure of the,9
system in,9
theory .,9
History of the,9
philosophy .,9
References Further,9
system is,9
model of,9
systems are,8
philosophy and,8
The history,8
function as,8
The history of,8
a method,8
the evolution,8
the principle of,8
processes .,8
framework of,8
process .,8
system and,8
University Press,8
research .,8
The study of,8
the evolution of,8
philosophy of,8
the principles,8
History The,7
in history,7
methods to,7
law of,7
laws .,7
the philosophy,7
to the study,7
literature .,7
the principles of,7
of literature,7
of mathematics,7
a theory,7
to the study of,7
method .,7
 the study of,7
mathematics and,7
North America,7
research in,7
study of the,7
Study of,7
Civil War,7
climate change,7
 the study,7
the structure,7
a systematic,7
of law,7
Middle Ages,7
a framework,6
Research Institute,6
Soviet Union,6
systems  and,6
research center,6
structure and,6
a study,6
legal system,6
research institute,6
research and,6
the method,6
method is,6
the framework,6
implementation of,6
throughout history,6
the model,6
functions of,6
approach to,6
techniques and,6
A study,6
in the process,6
process that,6
methods are,6
study by,6
theory that,6
a system of,6
structure .,6
function of,6
of history,6
s philosophy,6
the structure of,6
evolution .,6
common method,6
climate change .,6
natural history,6
study .,6
a continuous,6
s history ,5
ecological footprint of consumption .,5
french revolution,5
Research Center,5
nervous system,5
the History,5
mechanics .,5
and methods,5
ecological footprint of consumption,5
Ancient Greek,5
person ecological footprint,5
the History of,5
physics .,5
model of the,5
the study of the,5
approaches to,5
their ecological footprint of,5
principle .,5
systems to,5
medicine and,5
study the,5
ecological footprint,5
american history,5
of research,5
Climate change,5
study found,5
psychology and,5
their ecological footprint,5
study found that,5
the framework of,5
studying the,5
ecological footprint of,5
in the study,5
French Revolution,5
and techniques,5
recent research,5
the analysis,5
the analysis of,5
their ecological,5
in history .,5
for studying,5
the formula,5
long history,5
functions as,5
and evolution,5
road network,5
model .,5
 A History,5
ecological footprint consumption,5
 a process,5
human history,5
a method of,5
methods .,5
education system,5
law enforcement,5
computer science,5
statistics are,5
the theory of,5
models of,5
Revolution .,5
per person ecological,5
by law,5
s history .,5
this theory,5
their ecological footprint of consumption,5
history  and,5
of philosophy,5
network of,5
the French Revolution,5
and theoretical,5
the processes,5
the function,5
process is,5
and evolutionary,5
person ecological,5
the philosophy of,5
a model,5
system was,5
Natural History,5
political system,5
New York,5
State University,5
in a process,5
a theory of,5
of the structure,5
experiments on,5
A History,5
systems of,5
and philosophy,4
and history,4
solar system,4
and analysis,4
the French Revolution ,4
literature  and,4
museum natural history,4
This system,4
archaeological sites,4
research has,4
system in which,4
Notes References Further,4
and engineering,4
American history,4
within framework,4
of biology,4
system to,4
system of the,4
History Prehistory,4
some systems,4
mathematics .,4
of study,4
theory is,4
linear b,4
framework of a,4
is a method,4
ethics .,4
model and,4
structure is,4
systems in,4
Supreme Court,4
 A History of,4
different functions,4
on the principles,4
law to,4
principles .,4
analysis .,4
artificial intelligence,4
economics and,4
of History,4
quantum mechanics .,4
history in,4
the approach,4
s law,4
function .,4
system based,4
evolution of the,4
according statistics,4
artificial intelligence ,4
scientific research,4
Nobel Prize,4
research on,4
its history,4
geometry .,4
the revolution,4
court law,4
literature arts,4
of Natural History,4
study in,4
and methods of,4
and technological,4
history prehistory,4
programming language,4
infrastructure .,4
court system,4
system  the,4
French Revolution ,4
research development,4
function and,4
a lawsuit,4
in literature,4
techniques are,4
the law of,4
system has,4
The History,4
function of the,4
the function of,4
and evolution of,4
in the process of,4
systems that,4
structures are,4
in human history,4
the structure of the,4
technique .,4
to climate change,4
history to,4
quantum mechanics,4
Research Institute ,4
Museum of Natural History,4
law and,4
of the structure of,4
definite article,4
of Philosophy,4
A History of,4
s philosophy ,4
Analysis of,4
in astronomy,4
in research,4
The History of,4
process involves,4
pew research,4
researchers believe,4
in the study of,4
structures of,4
Medicine and,4
method for,4
laws of,4
research and development,4
network is,4
to process,4
and the process,4
a process of,4
analysis and,4
methods and,4
to study the,4
Linear B,4
Pew Research,4
ethics and,3
Los Angeles,3
chemistry .,3
a framework of,3
system had,3
anatomy physiology,3
the definite,3
- their ecological footprint of,3
researchers found,3
a network,3
constitutional law,3
fundamental principles,3
System .,3
The structure,3
Armed Forces,3
is structured,3
probability of,3
Notes References Works,3
History .,3
and Philosophy,3
principles of the,3
legal system based,3
infrastructure and,3
the revolutionary,3
s theory,3
of Natural History ,3
part process,3
a history,3
the system of,3
High Court,3
 law enforcement,3
the principles of the,3
History In,3
The Institute,3
United States Military Academy,3
technique to,3
military history,3
branch philosophy,3
statistics from,3
system with,3
biology .,3
television network,3
systems of the,3
and genetics,3
and mathematics,3
Anatomy of,3
literature Philosophers of,3
physics mathematics,3
In October,3
Great Britain,3
experiment with,3
United Nations,3
to Pew Research,3
History Ancient,3
methods include,3
and infrastructure,3
public health,3
Ethics .,3
this function,3
archaeological evidence,3
of processes,3
this system,3
American Society,3
nobel prize literature,3
British Columbia,3
technique of,3
the Revolutionary,3
for a system,3
philosophy  the,3
prize literature,3
in epistemology,3
the law .,3
process and,3
nervous systems,3
the nervous system,3
philosophers literature,3
techniques can,3
long history of,3
according pew research,3
world history,3
international relations,3
the methods,3
 and technological,3
on the system,3
statistical analysis,3
literature philosophers,3
to the study of the,3
Museum of Natural History ,3
common law,3
References Works,3
literature and the,3
theory  and,3
the Russian Revolution,3
astronomy  the,3
the Law,3
technique that,3
encyclopedia philosophy,3
experiment .,3
a function,3
Law and,3
Oxford University Press,3
experiments on the,3
theory of evolution,3
literature music,3
official statistics,3
laws to,3
astronomy and,3
russian revolution,3
techniques including,3
Revolution in,3
literary history,3
Near East,3
are functional,3
his theory,3
2012 study,3
World Factbook,3
Philosophers of literature Philosophers of,3
common method of,3
researchers .,3
legal system is,3
of evolution,3
of Philosophy ,3
central nervous system,3
philosophers literature philosophers,3
scientific method,3
greek philosophy,3
scientific study of,3
the revolution ,3
nervous system .,3
the experiment,3
experimented with,3
in physics,3
implementation of the,3
history  with,3
control system,3
of physics,3
of techniques,3
theory and,3
In April,3
proof of,3
law of the,3
Russian Revolution,3
This theory,3
CIA World Factbook,3
- their ecological footprint,3
the logical,3
a linear,3
system in the,3
Pure Reason,3
literature include,3
system from,3
The Hague,3
of quantum,3
Physics and,3
a dynamic,3
evolutionary psychology,3
Approach to,3
World War II,3
his system of,3
research interests,3
his theory of,3
and theory,3
law  that,3
- their ecological,3
National Park,3
Revolution and the,3
his system,3
Experiments have,3
philosophy  and,3
Democratic Party,3
theory of the,3
A system,3
a framework of a,3
Greek philosophy,3
on research,3
processes in,3
in medicine,3
mathematical model,3
study on,3
one study,3
criminal law,3
convergent evolution,3
equations and,3
 literature and,3
of Medicine,3
modern history,3
within the framework of,3
States Military Academy,3
systems and,3
a study of,3
different functions .,3
a process that,3
comparative study,3
the scientific method,3
the statistics,3
branch of philosophy,3
system which,3
research in the,3
in psychology,3
within the framework,3
model that,3
and medicine,3
process by,3
of ethics,3
Philosophers of literature Philosophers,3
Natural History ,3
this process,3
of mathematics ,3
analysis is,3
Theory of,3
law government,3
Revolution and,3
method and,3
formulation of,3
the solar system,3
literature Philosophers,3
techniques  and,3
writing systems,3
a system in which,3
theory to,3
the functions,3
person - their ecological footprint,3
of psychology,3
of quantum mechanics,3
to the theory,3
pew research center,3
their methods,3
Military Academy,3
mechanism for,3
crystal structures of,3
framework .,3
philosophical system,3
a definite,3
East Asia,3
a system in,3
network .,3
model for,3
Vladimir Lenin,3
science philosophy,3
the formula ,3
Encyclopedia of Philosophy,3
Solar System,3
Philosophers of literature,3
Pew Research Center,3
of quantum mechanics .,3
techniques can be,3
Science Society,3
arabic definite article,3
of literature Philosophers of,3
arabic definite,3
techniques in,3
in history ,3
and psychology,3
some systems ,3
person - their ecological,3
 History of,3
on the principles of,3
nervous system ,3
techniques that,3
the history of the,3
Research and,3
Computer science,3
of literature Philosophers,3
multi-party system .,3
history that,3
system The,3
the empirical,3
the formulation,3
with climate change,3
of systematic,3
The history of the,3
a long history,3
the formulation of,3
financial system,3
school system,3
theory evolution,3
multi-party system,3
scientific study,3
parallel to,3
of logic,3
systems time,3
The theory of,3
to research,3
crystal structures,3
the theoretical,3
of the function,3
literature was,3
Revolution of,3
per person - their ecological,3
the function of the,3
of robotics,3
political science,3
structures .,3
processes of,3
systems have,3
history ancient,3
the parallel,3
history science,3
functions of the,3
War II,3
formula .,3
law  and,3
systems at,3
astronomy .,2
 a process of,2
functions as the,2
Arabic definite,2
systems large,2
techniques traditional,2
physical cosmology,2
science medicine,2
comparative method,2
International Phonetic Alphabet,2
history time,2
 the laws,2
history  .,2
and the method of,2
and ethics,2
history of art,2
of analysis,2
economic  and technological superiority .,2
and economic structures,2
in quantum,2
system for,2
customary law weak,2
Astronomical Society,2
method that,2
medical research,2
reaction control system ,2
functions as a,2
legal system is based on,2
Journey Through History,2
framework world,2
lawyer .,2
modeled after the,2
lusaka peace process,2
Philosophy .,2
theory s,2
structures were,2
A Journey Through History,2
evolutionary relationships,2
philosophy religious,2
National Institute,2
general formula,2
the revolutions of,2
these methods,2
Literature The,2
South America,2
of the Russian Revolution,2
for Research,2
due process .,2
and Mechanics,2
Food Policy Research Institute ,2
The United States Geological,2
two parallel,2
Portuguese and customary law,2
history  language,2
experimentation .,2
Planck Institute,2
 The History,2
naming system ,2
hypothesis References,2
religion ethics,2
United States States,2
Abraham Lincoln,2
government law,2
method is a,2
 and technological superiority,2
process international,2
research education,2
study conducted by,2
York City,2
main method,2
a framework to,2
with the proper function ,2
s system,2
to astronomy,2
In mathematics,2
buddhist philosophy,2
areas of mathematics,2
a multi-party system .,2
theory would,2
in economics,2
Ancient Egyptian,2
an approach,2
experiment observational study,2
American Civil War People,2
 and technological superiority .,2
method to,2
 A Journey Through History,2
internal structures,2
person  their ecological footprint,2
religion research,2
field experiments rothamsted,2
agricultural systems,2
respiratory system,2
the law to,2
definite article al-,2
experiments at Rothamsted Research,2
and the history of,2
the first experimental,2
of astronomy,2
a functional,2
religion and ethics,2
The functions,2
of biology that encompasses the,2
outlines of government structure,2
Stanford Encyclopedia of Philosophy,2
optimization formulation,2
principles that,2
biology that encompasses,2
Catholic Church,2
physics and,2
instruments study,2
 A Study of,2
Mayer conducted experiments on,2
biology that encompasses the,2
broad multidisciplinary field of biology,2
or theoretical,2
 which functions,2
at Rothamsted Research,2
euclidean geometry,2
modeled after,2
origin evolution,2
with the study,2
multiple methods,2
citizens legal system,2
theory developed,2
philosophy in,2
policy research institute,2
techniques  including,2
field biology,2
of the History,2
In mathematics and,2
a computer system,2
formula example,2
parallel rows of,2
chinese medicine,2
philosophy a,2
portuguese customary law,2
literature  and the,2
anatomy  and,2
multidisciplinary field of biology,2
systems use,2
Research Service,2
his law,2
numeral system ,2
 a system,2
revolutionary war,2
National Museum of Natural History,2
and quantum,2
effects climate change,2
political theory,2
study complex,2
system writing,2
Philosophers of psychology,2
statistics from the,2
astronomical research,2
are linear,2
philosophy is,2
conducted experiments on the,2
of a system,2
system  which,2
analysis showed,2
states geological survey,2
his Metaphysics,2
the Principle,2
the Russian Revolution and,2
on the study,2
situ methods,2
world history .,2
government structure and,2
of revolution,2
field of astronomy,2
world literature,2
is the principle,2
methods produce,2
observational study,2
of relativity,2
process called,2
the October Revolution,2
on Portuguese and customary law,2
development robotics,2
other methods,2
comparative anatomy ,2
processes ribs,2
processes  the,2
In Our Time,2
Friedrich Mayer conducted experiments on,2
experiments rothamsted,2
law legal,2
Mike Wallace,2
philosophy philosophers,2
history was,2
is a philosophy,2
Research .,2
population genetics,2
International Food Policy Research Institute,2
framework to,2
agricultural engineering,2
statistics .,2
US Open,2
the archaeological,2
researchers found that,2
is the study of,2
research since,2
agricultural research,2
a history of,2
study showed,2
biology that,2
history european,2
A Study of,2
law weak,2
field of biology that,2
military economic technological,2
Phonetic Alphabet,2
results study,2
influence philosophy,2
literature who,2
in situ methods,2
reaction control system  RCS,2
experiments rothamsted research,2
New Left,2
cognitive science,2
Through History,2
International Food Policy Research Institute ,2
War People,2
method is used,2
system is based on,2
processed products,2
a long history of,2
customary law but,2
algebra geometry,2
Mayer conducted experiments,2
ethics  which,2
literature Philosophers of logic Philosophers,2
history culture,2
 their ecological,2
a philosophy,2
a multi-party system,2
Johann Friedrich Mayer,2
experiment carried,2
of convergent evolution,2
experiments on the use of,2
the lateral line system,2
experiments gypsum,2
Policy Research Institute,2
Policy Research,2
Scientific research,2
of mathematics .,2
law under,2
New York City,2
of functional,2
a formula,2
Policy Research Institute ,2
this hypothesis,2
Food Policy Research Institute,2
of different functions,2
and customary law but,2
field of biology that encompasses,2
as physics ,2
research at the,2
ecological and,2
principle that,2
North Atlantic,2
conducted experiments,2
theory in,2
economic  and technological superiority,2
the probability,2
areas mathematics,2
philosophy writers,2
customary law,2
of psychology Philosophers of,2
state laws,2
the crystal structures of,2
probability distribution,2
mixed systems,2
History Prehistory and,2
agricultural research service,2
however system,2
law that,2
court system ,2
Law and government State,2
system based portuguese,2
this system is,2
evolutionary biology,2
of literature Philosophers of logic,2
the crystal structures,2
a process known,2
conducted experiments on the use,2
in physics and,2
Mayer conducted experiments on the,2
research service,2
 the analysis of,2
of biological,2
issues law,2
plant pathology,2
is distributed,2
experiment to,2
the probability of,2
system designed,2
Roger Blench,2
on ethics ,2
associated climate change,2
Intergovernmental Panel on Climate Change,2
logic philosophers,2
philosophers logic philosophers,2
recorded history,2
ethics and politics,2
issues of law,2
in the revolutionary,2
function is,2
logic philosophers love,2
areas of research,2
methods used,2
The experimental,2
Analysis and,2
in Physics  for his,2
Black Sea,2
In December,2
per person  their ecological,2
psychology and the,2
Greek mythological,2
Industrial Revolution,2
or mathematics,2
associated with climate change,2
distributed throughout,2
equations .,2
methods study,2
Charles Darwin,2
Prehistory and,2
Prize in Physics  for his,2
in the solar system,2
their evolutionary relationships,2
medicine science,2
law  that the,2
mythological rapists,2
with the proper function,2
 Genealogical trees attributed to,2
the Arabic definite article,2
history 1988,2
research alternative,2
structures of the,2
genealogical trees,2
philosophy metaphysics,2
angola history,2
by climate change,2
An Introduction,2
vulnerable climate change,2
trade network,2
industrial research,2
Central Asian,2
MultiTree Project,2
in Physics ,2
system on,2
an alternative method,2
s techniques,2
processes that,2
modern literature,2
s Metaphysics .,2
the model for,2
In astronomy,2
portuguese law,2
alternative method,2
techniques applied,2
general theory,2
